Student ID,First name,Last name,Year,Gender,Home group
240101,Ali,Jensen,7,M,7A
240107,Arjun,Walsh,7,M,7B
240120,Max,Lam,7,M,7C
240121,Jayden,Morgan,7,M,7D
240133,Oscar,Lam,7,M,7E
240138,Yusuf,Bennett,7,M,7F
240147,Omar,Vance,7,M,7G
240153,Samuel,Quinn,7,M,7A
240156,Zara,O'Brien,7,F,7B
240168,Zac,Barker,7,M,7C
240173,Mateo,Zhou,7,M,7D
240181,Fatima,Hughes,7,F,7E
240189,Leila,Jones,7,F,7F
240193,Alex,Taylor,7,X,7G
240200,Noah,Ross,7,M,7A
240206,Sienna,Jensen,7,F,7B
240214,Archie,Cruz,7,M,7C
240220,Mason,Brooks,7,M,7D
240227,Ananya,Reid,7,F,7E
240239,Matilda,Tan,7,F,7F
240240,Poppy,Ward,7,F,7G
240251,Charlie,Gill,7,M,7A
240258,Poppy,Barker,7,F,7B
240266,Evie,Nguyen,7,F,7C
240268,Ava,Wood,7,F,7D
240275,Ella,Ross,7,F,7E
240284,Jasmine,Fisher,7,F,7F
240294,Omar,Barker,7,M,7G
240297,Oscar,Khan,7,M,7A
240308,Noah,Ward,7,M,7B
240311,Theo,Reid,7,M,7C
240318,Thomas,Owens,7,M,7D
240324,Sami,Lee,7,M,7E
240337,Ava,Taylor,7,F,7F
240343,Lucas,Nguyen,7,M,7G
240349,Nathan,Jones,7,M,7A
240352,Imogen,Nguyen,7,F,7B
240361,Amelia,Bennett,7,F,7C
240368,Hazel,Vance,7,F,7D
240376,Poppy,Tran,7,F,7E
240384,Aria,Ibrahim,7,F,7F
240388,Caleb,Nguyen,7,M,7G
240399,Ella,Fisher,7,F,7A
240407,Felix,Ho,7,M,7B
240408,Ruth,Cole,7,F,7C
240419,Esther,Hughes,7,F,7D
240427,Zac,Shaw,7,M,7E
240431,Arjun,Abbott,7,M,7F
240441,Nathan,Nguyen,7,M,7G
240446,Zac,Cole,7,M,7A
240452,Ethan,Jones,7,M,7B
240458,Ananya,Irwin,7,F,7C
240464,Lucas,Wood,7,M,7D
240473,Noah,Park,7,M,7E
240481,Thomas,Usman,7,M,7F
240488,Wei,Ibrahim,7,M,7G
240493,Talia,Kelly,7,F,7A
240500,Leila,Ho,7,F,7B
240508,Archie,Ho,7,M,7C
240518,Ryan,Price,7,M,7D
240520,Ali,Anderson,7,M,7E
240533,Thomas,Evans,7,M,7F
240537,Ava,Jensen,7,F,7G
240546,Chloe,Brooks,7,F,7A
240554,Rohan,Lam,7,M,7B
240559,Talia,Singh,7,F,7C
240564,Isla,Gill,7,F,7D
240569,Mia,Reid,7,F,7E
240576,Leila,Gill,7,F,7F
240588,Theo,Zhou,7,M,7G
240592,Ava,Walsh,7,F,7A
240603,Mateo,Lee,7,M,7B
240608,Finn,Zhou,7,M,7C
240616,Esther,Nguyen,7,F,7D
240622,Yusuf,Singh,7,M,7E
240628,Hunter,Anderson,7,M,7F
240635,Mason,Barker,7,M,7G
240640,Hazel,Mehta,7,F,7A
240647,Oliver,Price,7,M,7B
240659,Jayden,Price,7,M,7C
240663,Riley,Zhou,7,M,7D
240670,Finn,Silva,7,M,7E
240674,Sofia,Rossi,7,F,7F
240684,Alex,Kelly,7,X,7G
240694,Oliver,Grant,7,M,7A
240695,Ethan,Patel,7,M,7B
240704,Zoe,Gill,7,F,7C
240713,Hazel,Singh,7,F,7D
240720,Mei,Bennett,7,F,7E
240729,Kenji,Cruz,7,M,7F
240731,Thomas,Park,7,M,7G
240743,Oliver,Anderson,7,M,7A
240746,Aisha,Bennett,7,F,7B
240754,Mateo,Kaur,7,M,7C
240764,Amira,Kelly,7,F,7D
240768,Oliver,Evans,7,M,7E
240776,Willow,Evans,7,F,7F
240781,Nathan,Mehta,7,M,7G
240790,Kai,Ellis,7,M,7A
240796,Fatima,Jensen,7,F,7B
240802,Charlie,Fisher,7,M,7C
240812,Nina,Fisher,7,F,7D
240820,Omar,Owens,7,M,7E
240821,Ananya,Kelly,7,F,7F
240831,Nathan,Cole,7,M,7G
240841,Yusuf,Taylor,7,M,7A
240846,Ananya,Rossi,7,F,7B
240852,Isla,Lee,7,F,7C
240862,Ethan,Zhou,7,M,7D
240868,Ivy,Kelly,7,F,7E
240875,Imogen,Quinn,7,F,7F
240879,Matilda,Lowe,7,F,7G
240890,Layla,Flynn,7,F,7A
240891,Ali,Ross,7,M,7B
240900,Chloe,Vance,7,F,7C
240908,Ethan,Nash,7,M,7D
240913,Ethan,Nguyen,7,M,7E
240921,Jack,Lam,7,M,7F
240927,James,Tran,7,M,7G
240936,Sienna,Taylor,7,F,7A
240941,Dev,Grant,7,M,7B
240947,Isla,Ward,7,F,7C
240958,Max,Shaw,7,M,7D
240965,Ethan,Dawson,7,M,7E
240971,Lucia,Vance,7,F,7F
240980,Henry,Hughes,7,M,7G
240986,Mia,Hart,7,F,7A
240990,Zoe,Rossi,7,F,7B
241002,Leila,Brooks,7,F,7C
241003,Samuel,Nguyen,7,M,7D
241013,Hunter,Lowe,7,M,7E
241019,Jayden,Jones,7,M,7F
241026,Harper,Flynn,7,F,7G
241037,Ananya,Dawson,7,F,7A
241043,Noah,Singh,7,M,7B
241047,Zara,Grant,7,F,7C
241055,Elijah,Khan,7,M,7D
241061,Eden,Zhou,7,F,7E
241071,Hazel,Cole,7,F,7F
241079,Amira,Lee,7,F,7G
241086,Harrison,Lam,7,M,7A
241087,Amira,Reid,7,F,7B
241097,Grace,Barker,7,F,7C
241105,Lucia,Jones,7,F,7D
241112,Nathan,Young,7,M,7E
241118,William,Kelly,7,M,7F
241124,Samuel,Hart,7,M,7G
